Zip Code,Total
ZCTA5 46001,10676
ZCTA5 46011,17078
ZCTA5 46012,19108
ZCTA5 46013,18288
ZCTA5 46016,17686
ZCTA5 46017,5930
ZCTA5 46030,3161
ZCTA5 46031,2211
ZCTA5 46032,50477
ZCTA5 46033,39002
ZCTA5 46034,7316
ZCTA5 46035,1130
ZCTA5 46036,11247
ZCTA5 46037,47264
ZCTA5 46038,42694
ZCTA5 46039,725
ZCTA5 46040,16669
ZCTA5 46041,24120
ZCTA5 46044,2912
ZCTA5 46045,125
ZCTA5 46047,25
ZCTA5 46048,2035
ZCTA5 46049,840
ZCTA5 46050,1672
ZCTA5 46051,2811
ZCTA5 46052,22783
ZCTA5 46055,14969
ZCTA5 46056,2359
ZCTA5 46057,999
ZCTA5 46058,2257
ZCTA5 46060,45073
ZCTA5 46062,38915
ZCTA5 46063,298
ZCTA5 46064,16908
ZCTA5 46065,3422
ZCTA5 46068,2583
ZCTA5 46069,7012
ZCTA5 46070,2211
ZCTA5 46071,3373
ZCTA5 46072,9095
ZCTA5 46074,42598
ZCTA5 46075,7728
ZCTA5 46076,1534
ZCTA5 46077,33969
ZCTA5 46102,503
ZCTA5 46103,354
ZCTA5 46104,860
ZCTA5 46105,1775
ZCTA5 46106,8672
ZCTA5 46107,12994
ZCTA5 46110,505
ZCTA5 46111,515
ZCTA5 46112,41562
ZCTA5 46113,15915
ZCTA5 46115,1952
ZCTA5 46117,689
ZCTA5 46118,4903
ZCTA5 46120,5891
ZCTA5 46121,5090
ZCTA5 46122,16448
ZCTA5 46123,40788
ZCTA5 46124,7891
ZCTA5 46125,32
ZCTA5 46126,4613
ZCTA5 46127,304
ZCTA5 46128,2111
ZCTA5 46130,2491
ZCTA5 46131,32869
ZCTA5 46133,794
ZCTA5 46135,19869
ZCTA5 46140,41708
ZCTA5 46142,32052
ZCTA5 46143,62618
ZCTA5 46144,207
ZCTA5 46146,144
ZCTA5 46147,2681
ZCTA5 46148,4859
ZCTA5 46149,1894
ZCTA5 46150,750
ZCTA5 46151,32335
ZCTA5 46154,126
ZCTA5 46155,81
ZCTA5 46156,1497
ZCTA5 46157,4074
ZCTA5 46158,23895
ZCTA5 46160,6409
ZCTA5 46161,2576
ZCTA5 46162,516
ZCTA5 46163,13489
ZCTA5 46164,4324
ZCTA5 46165,1562
ZCTA5 46166,2374
ZCTA5 46167,7018
ZCTA5 46168,37681
ZCTA5 46170,39
ZCTA5 46171,1779
ZCTA5 46172,2372
ZCTA5 46173,10591
ZCTA5 46175,549
ZCTA5 46176,28401
ZCTA5 46180,993
ZCTA5 46181,5280
ZCTA5 46182,2005
ZCTA5 46183,130
ZCTA5 46184,13023
ZCTA5 46186,1708
ZCTA5 46201,31408
ZCTA5 46202,22217
ZCTA5 46203,38224
ZCTA5 46204,9086
ZCTA5 46205,27531
ZCTA5 46206,6
ZCTA5 46208,23996
ZCTA5 46214,26314
ZCTA5 46216,2343
ZCTA5 46217,34725
ZCTA5 46218,30400
ZCTA5 46219,36556
ZCTA5 46220,36078
ZCTA5 46221,27991
ZCTA5 46222,37185
ZCTA5 46224,38822
ZCTA5 46225,6503
ZCTA5 46226,43997
ZCTA5 46227,62126
ZCTA5 46228,15824
ZCTA5 46229,29252
ZCTA5 46231,10889
ZCTA5 46234,27841
ZCTA5 46235,34569
ZCTA5 46236,27627
ZCTA5 46237,44378
ZCTA5 46239,33290
ZCTA5 46240,20148
ZCTA5 46241,33568
ZCTA5 46250,19156
ZCTA5 46254,40162
ZCTA5 46256,22598
ZCTA5 46259,13703
ZCTA5 46260,34188
ZCTA5 46268,26353
ZCTA5 46278,8910
ZCTA5 46280,7870
ZCTA5 46290,191
ZCTA5 46301,580
ZCTA5 46302,141
ZCTA5 46303,17028
ZCTA5 46304,26835
ZCTA5 46307,69248
ZCTA5 46310,14126
ZCTA5 46311,22431
ZCTA5 46312,26370
ZCTA5 46319,18108
ZCTA5 46320,14514
ZCTA5 46321,23894
ZCTA5 46322,23984
ZCTA5 46323,22510
ZCTA5 46324,22611
ZCTA5 46327,11078
ZCTA5 46340,1085
ZCTA5 46341,10518
ZCTA5 46342,32540
ZCTA5 46345,97
ZCTA5 46346,1317
ZCTA5 46347,4800
ZCTA5 46348,1127
ZCTA5 46349,3219
ZCTA5 46350,44522
ZCTA5 46356,18668
ZCTA5 46360,44209
ZCTA5 46365,1037
ZCTA5 46366,5826
ZCTA5 46368,39837
ZCTA5 46371,3680
ZCTA5 46373,17839
ZCTA5 46374,1006
ZCTA5 46375,24051
ZCTA5 46376,367
ZCTA5 46377,194
ZCTA5 46379,295
ZCTA5 46381,287
ZCTA5 46382,2094
ZCTA5 46383,41981
ZCTA5 46385,41832
ZCTA5 46390,2824
ZCTA5 46391,9077
ZCTA5 46392,7855
ZCTA5 46393,376
ZCTA5 46394,11725
ZCTA5 46402,5502
ZCTA5 46403,11649
ZCTA5 46404,15658
ZCTA5 46405,11860
ZCTA5 46406,8776
ZCTA5 46407,9862
ZCTA5 46408,15109
ZCTA5 46409,6975
ZCTA5 46410,39471
ZCTA5 46501,3891
ZCTA5 46502,34
ZCTA5 46504,3241
ZCTA5 46506,10083
ZCTA5 46507,9371
ZCTA5 46508,137
ZCTA5 46510,3393
ZCTA5 46511,4008
ZCTA5 46513,64
ZCTA5 46514,42048
ZCTA5 46516,33670
ZCTA5 46517,24006
ZCTA5 46524,2376
ZCTA5 46526,33170
ZCTA5 46528,27223
ZCTA5 46530,31805
ZCTA5 46531,1387
ZCTA5 46532,1751
ZCTA5 46534,11247
ZCTA5 46536,3257
ZCTA5 46537,502
ZCTA5 46538,4047
ZCTA5 46539,2245
ZCTA5 46540,12552
ZCTA5 46542,4526
ZCTA5 46543,4273
ZCTA5 46544,31571
ZCTA5 46545,26312
ZCTA5 46550,12679
ZCTA5 46552,6478
ZCTA5 46553,3849
ZCTA5 46554,4379
ZCTA5 46555,2729
ZCTA5 46556,8845
ZCTA5 46561,14155
ZCTA5 46562,4718
ZCTA5 46563,22977
ZCTA5 46565,9104
ZCTA5 46567,9773
ZCTA5 46570,1090
ZCTA5 46571,6203
ZCTA5 46572,112
ZCTA5 46573,3835
ZCTA5 46574,8377
ZCTA5 46580,22381
ZCTA5 46582,14151
ZCTA5 46590,5053
ZCTA5 46595,94
ZCTA5 46601,5947
ZCTA5 46613,11427
ZCTA5 46614,29917
ZCTA5 46615,14777
ZCTA5 46616,6167
ZCTA5 46617,9813
ZCTA5 46619,20527
ZCTA5 46624,38
ZCTA5 46628,27011
ZCTA5 46635,6420
ZCTA5 46637,15887
ZCTA5 46701,7687
ZCTA5 46702,2172
ZCTA5 46703,18837
ZCTA5 46704,119
ZCTA5 46705,1716
ZCTA5 46706,19995
ZCTA5 46710,4649
ZCTA5 46711,8022
ZCTA5 46714,15411
ZCTA5 46721,4907
ZCTA5 46723,7383
ZCTA5 46725,23917
ZCTA5 46730,1316
ZCTA5 46731,578
ZCTA5 46732,2949
ZCTA5 46733,18669
ZCTA5 46737,6898
ZCTA5 46738,8183
ZCTA5 46740,4608
ZCTA5 46741,4657
ZCTA5 46742,3259
ZCTA5 46743,2309
ZCTA5 46745,1792
ZCTA5 46746,4003
ZCTA5 46747,2743
ZCTA5 46748,7203
ZCTA5 46750,26580
ZCTA5 46755,15721
ZCTA5 46759,508
ZCTA5 46760,1264
ZCTA5 46761,12902
ZCTA5 46763,1702
ZCTA5 46764,1379
ZCTA5 46765,5580
ZCTA5 46766,545
ZCTA5 46767,8599
ZCTA5 46770,2734
ZCTA5 46771,54
ZCTA5 46772,3929
ZCTA5 46773,3685
ZCTA5 46774,17341
ZCTA5 46776,1528
ZCTA5 46777,6348
ZCTA5 46778,196
ZCTA5 46779,2006
ZCTA5 46781,789
ZCTA5 46783,7521
ZCTA5 46784,2211
ZCTA5 46785,1650
ZCTA5 46786,82
ZCTA5 46787,3902
ZCTA5 46788,3396
ZCTA5 46789,80
ZCTA5 46791,922
ZCTA5 46792,3673
ZCTA5 46793,4043
ZCTA5 46794,1406
ZCTA5 46795,6190
ZCTA5 46796,57
ZCTA5 46797,4008
ZCTA5 46798,1290
ZCTA5 46799,448
ZCTA5 46802,10664
ZCTA5 46803,9686
ZCTA5 46804,28800
ZCTA5 46805,21138
ZCTA5 46806,26083
ZCTA5 46807,16489
ZCTA5 46808,19894
ZCTA5 46809,8946
ZCTA5 46814,16377
ZCTA5 46815,27927
ZCTA5 46816,19012
ZCTA5 46818,22071
ZCTA5 46819,8969
ZCTA5 46825,29062
ZCTA5 46835,36653
ZCTA5 46845,28380
ZCTA5 46901,38072
ZCTA5 46902,36038
ZCTA5 46910,3283
ZCTA5 46911,1396
ZCTA5 46913,1400
ZCTA5 46914,4785
ZCTA5 46915,617
ZCTA5 46917,1734
ZCTA5 46919,2202
ZCTA5 46920,1131
ZCTA5 46922,32
ZCTA5 46923,8162
ZCTA5 46926,1639
ZCTA5 46928,4557
ZCTA5 46929,3210
ZCTA5 46930,268
ZCTA5 46931,286
ZCTA5 46932,3254
ZCTA5 46933,6617
ZCTA5 46936,5800
ZCTA5 46937,114
ZCTA5 46938,2824
ZCTA5 46939,1917
ZCTA5 46940,2538
ZCTA5 46941,1123
ZCTA5 46943,250
ZCTA5 46945,15
ZCTA5 46946,132
ZCTA5 46947,28295
ZCTA5 46950,615
ZCTA5 46951,2118
ZCTA5 46952,18996
ZCTA5 46953,22781
ZCTA5 46957,483
ZCTA5 46958,542
ZCTA5 46959,148
ZCTA5 46960,1102
ZCTA5 46961,97
ZCTA5 46962,8592
ZCTA5 46965,111
ZCTA5 46967,73
ZCTA5 46968,132
ZCTA5 46970,23317
ZCTA5 46971,0
ZCTA5 46974,1620
ZCTA5 46975,14288
ZCTA5 46978,2018
ZCTA5 46979,4893
ZCTA5 46980,53
ZCTA5 46982,2602
ZCTA5 46984,61
ZCTA5 46985,1285
ZCTA5 46986,1769
ZCTA5 46987,1010
ZCTA5 46988,721
ZCTA5 46989,5028
ZCTA5 46990,805
ZCTA5 46991,1706
ZCTA5 46992,16183
ZCTA5 46994,2626
ZCTA5 46996,6830
ZCTA5 46998,129
ZCTA5 47001,10208
ZCTA5 47003,958
ZCTA5 47006,12761
ZCTA5 47010,304
ZCTA5 47011,1003
ZCTA5 47012,9994
ZCTA5 47016,742
ZCTA5 47017,657
ZCTA5 47018,4273
ZCTA5 47020,1004
ZCTA5 47021,12
ZCTA5 47022,3192
ZCTA5 47023,1711
ZCTA5 47024,2880
ZCTA5 47025,23118
ZCTA5 47030,1504
ZCTA5 47031,5200
ZCTA5 47032,3477
ZCTA5 47033,6
ZCTA5 47034,172
ZCTA5 47035,272
ZCTA5 47036,1002
ZCTA5 47037,4167
ZCTA5 47038,1168
ZCTA5 47040,5288
ZCTA5 47041,5891
ZCTA5 47042,4375
ZCTA5 47043,5102
ZCTA5 47060,7109
ZCTA5 47102,6884
ZCTA5 47104,93
ZCTA5 47106,4771
ZCTA5 47108,2218
ZCTA5 47110,469
ZCTA5 47111,16972
ZCTA5 47112,17404
ZCTA5 47114,422
ZCTA5 47115,2579
ZCTA5 47116,698
ZCTA5 47117,4304
ZCTA5 47118,3253
ZCTA5 47119,12173
ZCTA5 47120,938
ZCTA5 47122,11185
ZCTA5 47123,131
ZCTA5 47124,4981
ZCTA5 47125,1714
ZCTA5 47126,4555
ZCTA5 47129,19739
ZCTA5 47130,48481
ZCTA5 47135,1271
ZCTA5 47136,4699
ZCTA5 47137,1300
ZCTA5 47138,4398
ZCTA5 47140,2811
ZCTA5 47141,1563
ZCTA5 47142,861
ZCTA5 47143,3800
ZCTA5 47145,1908
ZCTA5 47147,1022
ZCTA5 47150,49395
ZCTA5 47160,138
ZCTA5 47161,3764
ZCTA5 47162,906
ZCTA5 47163,1551
ZCTA5 47164,3609
ZCTA5 47165,6208
ZCTA5 47166,1276
ZCTA5 47167,15683
ZCTA5 47170,14877
ZCTA5 47172,19821
ZCTA5 47174,124
ZCTA5 47175,870
ZCTA5 47177,1462
ZCTA5 47201,45969
ZCTA5 47203,27006
ZCTA5 47220,5737
ZCTA5 47223,1437
ZCTA5 47224,606
ZCTA5 47225,65
ZCTA5 47226,205
ZCTA5 47227,1545
ZCTA5 47229,3186
ZCTA5 47230,2057
ZCTA5 47231,1091
ZCTA5 47232,2460
ZCTA5 47234,1428
ZCTA5 47235,1780
ZCTA5 47236,131
ZCTA5 47240,21940
ZCTA5 47243,6037
ZCTA5 47244,688
ZCTA5 47246,4343
ZCTA5 47247,178
ZCTA5 47250,22596
ZCTA5 47260,1733
ZCTA5 47263,174
ZCTA5 47264,1302
ZCTA5 47265,20074
ZCTA5 47270,758
ZCTA5 47272,1852
ZCTA5 47273,1917
ZCTA5 47274,33035
ZCTA5 47280,867
ZCTA5 47281,1543
ZCTA5 47282,236
ZCTA5 47283,3526
ZCTA5 47302,25704
ZCTA5 47303,24069
ZCTA5 47304,30366
ZCTA5 47305,3629
ZCTA5 47306,4628
ZCTA5 47320,3978
ZCTA5 47324,150
ZCTA5 47325,571
ZCTA5 47326,2321
ZCTA5 47327,4345
ZCTA5 47330,5523
ZCTA5 47331,22782
ZCTA5 47334,3171
ZCTA5 47335,610
ZCTA5 47336,3455
ZCTA5 47337,182
ZCTA5 47338,2680
ZCTA5 47339,641
ZCTA5 47340,2744
ZCTA5 47341,2191
ZCTA5 47342,2533
ZCTA5 47344,123
ZCTA5 47345,1378
ZCTA5 47346,3865
ZCTA5 47348,9507
ZCTA5 47351,429
ZCTA5 47352,902
ZCTA5 47353,5576
ZCTA5 47354,1072
ZCTA5 47355,2546
ZCTA5 47356,5831
ZCTA5 47357,1107
ZCTA5 47358,919
ZCTA5 47359,2744
ZCTA5 47360,1451
ZCTA5 47361,134
ZCTA5 47362,30184
ZCTA5 47366,57
ZCTA5 47367,98
ZCTA5 47368,2637
ZCTA5 47369,1216
ZCTA5 47370,158
ZCTA5 47371,12143
ZCTA5 47373,2015
ZCTA5 47374,45304
ZCTA5 47380,1917
ZCTA5 47381,139
ZCTA5 47382,136
ZCTA5 47383,2724
ZCTA5 47384,1936
ZCTA5 47385,1581
ZCTA5 47386,1085
ZCTA5 47387,726
ZCTA5 47388,292
ZCTA5 47390,5061
ZCTA5 47392,100
ZCTA5 47393,1745
ZCTA5 47394,8064
ZCTA5 47396,7446
ZCTA5 47401,41225
ZCTA5 47403,33066
ZCTA5 47404,23799
ZCTA5 47405,305
ZCTA5 47406,7924
ZCTA5 47408,22917
ZCTA5 47420,176
ZCTA5 47421,27798
ZCTA5 47424,8893
ZCTA5 47427,1082
ZCTA5 47429,7485
ZCTA5 47431,1316
ZCTA5 47432,4429
ZCTA5 47433,3974
ZCTA5 47434,19
ZCTA5 47435,7
ZCTA5 47436,1440
ZCTA5 47437,91
ZCTA5 47438,4032
ZCTA5 47441,8972
ZCTA5 47443,1134
ZCTA5 47445,90
ZCTA5 47446,9425
ZCTA5 47448,7816
ZCTA5 47449,482
ZCTA5 47451,1177
ZCTA5 47452,5285
ZCTA5 47453,366
ZCTA5 47454,7684
ZCTA5 47455,55
ZCTA5 47456,1302
ZCTA5 47457,25
ZCTA5 47458,34
ZCTA5 47459,3346
ZCTA5 47460,11560
ZCTA5 47462,4850
ZCTA5 47464,198
ZCTA5 47465,666
ZCTA5 47467,34
ZCTA5 47468,1180
ZCTA5 47469,1782
ZCTA5 47470,1516
ZCTA5 47471,2567
ZCTA5 47501,18003
ZCTA5 47512,4002
ZCTA5 47513,2057
ZCTA5 47514,1647
ZCTA5 47515,819
ZCTA5 47516,1246
ZCTA5 47519,556
ZCTA5 47520,3230
ZCTA5 47521,972
ZCTA5 47522,250
ZCTA5 47523,3433
ZCTA5 47524,494
ZCTA5 47525,337
ZCTA5 47527,1918
ZCTA5 47528,519
ZCTA5 47529,1004
ZCTA5 47531,906
ZCTA5 47532,4507
ZCTA5 47535,582
ZCTA5 47537,782
ZCTA5 47541,1228
ZCTA5 47542,9992
ZCTA5 47546,22445
ZCTA5 47550,797
ZCTA5 47551,592
ZCTA5 47552,174
ZCTA5 47553,8625
ZCTA5 47557,1329
ZCTA5 47558,5021
ZCTA5 47561,1514
ZCTA5 47562,4994
ZCTA5 47564,1375
ZCTA5 47567,5804
ZCTA5 47568,848
ZCTA5 47573,31
ZCTA5 47574,148
ZCTA5 47575,1015
ZCTA5 47576,378
ZCTA5 47577,1222
ZCTA5 47578,649
ZCTA5 47579,2715
ZCTA5 47580,252
ZCTA5 47581,3534
ZCTA5 47584,154
ZCTA5 47585,429
ZCTA5 47586,11027
ZCTA5 47588,591
ZCTA5 47590,779
ZCTA5 47591,24984
ZCTA5 47596,191
ZCTA5 47597,961
ZCTA5 47598,3107
ZCTA5 47601,14088
ZCTA5 47610,5442
ZCTA5 47611,1157
ZCTA5 47612,868
ZCTA5 47613,2694
ZCTA5 47615,1477
ZCTA5 47616,305
ZCTA5 47619,1535
ZCTA5 47620,12989
ZCTA5 47630,38309
ZCTA5 47631,1908
ZCTA5 47633,2455
ZCTA5 47634,2193
ZCTA5 47635,5178
ZCTA5 47637,1396
ZCTA5 47638,3620
ZCTA5 47639,4549
ZCTA5 47640,950
ZCTA5 47648,4510
ZCTA5 47649,1374
ZCTA5 47654,41
ZCTA5 47660,4762
ZCTA5 47665,3798
ZCTA5 47666,1332
ZCTA5 47670,11934
ZCTA5 47683,83
ZCTA5 47708,501
ZCTA5 47710,18470
ZCTA5 47711,31266
ZCTA5 47712,24895
ZCTA5 47713,9916
ZCTA5 47714,32827
ZCTA5 47715,28959
ZCTA5 47720,17188
ZCTA5 47725,19220
ZCTA5 47802,34229
ZCTA5 47803,21832
ZCTA5 47804,10093
ZCTA5 47805,12875
ZCTA5 47807,12063
ZCTA5 47809,2360
ZCTA5 47831,17
ZCTA5 47832,919
ZCTA5 47833,1043
ZCTA5 47834,19430
ZCTA5 47836,36
ZCTA5 47837,1186
ZCTA5 47838,3931
ZCTA5 47840,1420
ZCTA5 47841,2135
ZCTA5 47842,9790
ZCTA5 47845,177
ZCTA5 47846,661
ZCTA5 47847,1014
ZCTA5 47848,1523
ZCTA5 47849,407
ZCTA5 47850,2389
ZCTA5 47851,14
ZCTA5 47853,184
ZCTA5 47854,850
ZCTA5 47855,680
ZCTA5 47857,443
ZCTA5 47858,628
ZCTA5 47859,1096
ZCTA5 47860,243
ZCTA5 47861,556
ZCTA5 47862,1548
ZCTA5 47863,146
ZCTA5 47865,25
ZCTA5 47866,443
ZCTA5 47868,2776
ZCTA5 47869,116
ZCTA5 47870,6
ZCTA5 47871,235
ZCTA5 47872,8075
ZCTA5 47874,3161
ZCTA5 47875,6
ZCTA5 47876,348
ZCTA5 47879,2908
ZCTA5 47880,61
ZCTA5 47881,332
ZCTA5 47882,8487
ZCTA5 47884,214
ZCTA5 47885,9231
ZCTA5 47901,3750
ZCTA5 47904,16571
ZCTA5 47905,41787
ZCTA5 47906,73579
ZCTA5 47907,17
ZCTA5 47909,42759
ZCTA5 47916,66
ZCTA5 47917,436
ZCTA5 47918,5802
ZCTA5 47920,2665
ZCTA5 47921,1115
ZCTA5 47922,1482
ZCTA5 47923,3597
ZCTA5 47924,187
ZCTA5 47925,94
ZCTA5 47926,1132
ZCTA5 47928,1723
ZCTA5 47929,805
ZCTA5 47930,1053
ZCTA5 47932,5271
ZCTA5 47933,28092
ZCTA5 47940,1438
ZCTA5 47941,1309
ZCTA5 47942,668
ZCTA5 47943,914
ZCTA5 47944,3561
ZCTA5 47946,1892
ZCTA5 47948,1279
ZCTA5 47949,1245
ZCTA5 47950,878
ZCTA5 47951,2061
ZCTA5 47952,2628
ZCTA5 47954,2267
ZCTA5 47955,993
ZCTA5 47957,1759
ZCTA5 47958,172
ZCTA5 47959,2843
ZCTA5 47960,15029
ZCTA5 47963,1937
ZCTA5 47964,114
ZCTA5 47965,539
ZCTA5 47966,418
ZCTA5 47967,746
ZCTA5 47968,967
ZCTA5 47969,217
ZCTA5 47970,1955
ZCTA5 47971,1819
ZCTA5 47974,1106
ZCTA5 47975,682
ZCTA5 47977,2235
ZCTA5 47978,10815
ZCTA5 47980,1103
ZCTA5 47981,911
ZCTA5 47982,120
ZCTA5 47983,274
ZCTA5 47986,54
ZCTA5 47987,3802
ZCTA5 47989,1277
ZCTA5 47990,1629
ZCTA5 47991,1051
ZCTA5 47992,1425
ZCTA5 47993,3983
ZCTA5 47994,507
ZCTA5 47995,1651
ZCTA5 47997,116
