GEO_ID,NAME,P2_001N,P2_002N,P2_003N,P2_004N,
Geography,Geographic Area Name, !!Total:, !!Total:!!Urban, !!Total:!!Rural, !!Total:!!Not defined for this file,Predominant Type
860Z200US46001,ZCTA5 46001,10676,6293,4383,0,Urban
860Z200US46011,ZCTA5 46011,17078,11752,5326,0,Urban
860Z200US46012,ZCTA5 46012,19108,16733,2375,0,Urban
860Z200US46013,ZCTA5 46013,18288,17431,857,0,Urban
860Z200US46016,ZCTA5 46016,17686,17686,0,0,Urban
860Z200US46017,ZCTA5 46017,5930,4064,1866,0,Urban
860Z200US46030,ZCTA5 46030,3161,1568,1593,0,Rural
860Z200US46031,ZCTA5 46031,2211,0,2211,0,Rural
860Z200US46032,ZCTA5 46032,50477,50477,0,0,Urban
860Z200US46033,ZCTA5 46033,39002,38918,84,0,Urban
860Z200US46034,ZCTA5 46034,7316,5606,1710,0,Urban
860Z200US46035,ZCTA5 46035,1130,0,1130,0,Rural
860Z200US46036,ZCTA5 46036,11247,9199,2048,0,Urban
860Z200US46037,ZCTA5 46037,47264,47072,192,0,Urban
860Z200US46038,ZCTA5 46038,42694,42674,20,0,Urban
860Z200US46039,ZCTA5 46039,725,0,725,0,Rural
860Z200US46040,ZCTA5 46040,16669,14156,2513,0,Urban
860Z200US46041,ZCTA5 46041,24120,16775,7345,0,Urban
860Z200US46044,ZCTA5 46044,2912,0,2912,0,Rural
860Z200US46045,ZCTA5 46045,125,0,125,0,Rural
860Z200US46047,ZCTA5 46047,25,0,25,0,Rural
860Z200US46048,ZCTA5 46048,2035,2035,0,0,Urban
860Z200US46049,ZCTA5 46049,840,0,840,0,Rural
860Z200US46050,ZCTA5 46050,1672,0,1672,0,Rural
860Z200US46051,ZCTA5 46051,2811,0,2811,0,Rural
860Z200US46052,ZCTA5 46052,22783,16534,6249,0,Urban
860Z200US46055,ZCTA5 46055,14969,13730,1239,0,Urban
860Z200US46056,ZCTA5 46056,2359,0,2359,0,Rural
860Z200US46057,ZCTA5 46057,999,0,999,0,Rural
860Z200US46058,ZCTA5 46058,2257,0,2257,0,Rural
860Z200US46060,ZCTA5 46060,45073,40366,4707,0,Urban
860Z200US46062,ZCTA5 46062,38915,37008,1907,0,Urban
860Z200US46063,ZCTA5 46063,298,298,0,0,Urban
860Z200US46064,ZCTA5 46064,16908,11804,5104,0,Urban
860Z200US46065,ZCTA5 46065,3422,0,3422,0,Rural
860Z200US46068,ZCTA5 46068,2583,121,2462,0,Rural
860Z200US46069,ZCTA5 46069,7012,81,6931,0,Rural
860Z200US46070,ZCTA5 46070,2211,0,2211,0,Rural
860Z200US46071,ZCTA5 46071,3373,0,3373,0,Rural
860Z200US46072,ZCTA5 46072,9095,5668,3427,0,Urban
860Z200US46074,ZCTA5 46074,42598,40697,1901,0,Urban
860Z200US46075,ZCTA5 46075,7728,6555,1173,0,Urban
860Z200US46076,ZCTA5 46076,1534,0,1534,0,Rural
860Z200US46077,ZCTA5 46077,33969,29712,4257,0,Urban
860Z200US46102,ZCTA5 46102,503,0,503,0,Rural
860Z200US46103,ZCTA5 46103,354,0,354,0,Rural
860Z200US46104,ZCTA5 46104,860,0,860,0,Rural
860Z200US46105,ZCTA5 46105,1775,0,1775,0,Rural
860Z200US46106,ZCTA5 46106,8672,6826,1846,0,Urban
860Z200US46107,ZCTA5 46107,12994,12994,0,0,Urban
860Z200US46110,ZCTA5 46110,505,0,505,0,Rural
860Z200US46111,ZCTA5 46111,515,515,0,0,Urban
860Z200US46112,ZCTA5 46112,41562,37985,3577,0,Urban
860Z200US46113,ZCTA5 46113,15915,14917,998,0,Urban
860Z200US46115,ZCTA5 46115,1952,0,1952,0,Rural
860Z200US46117,ZCTA5 46117,689,0,689,0,Rural
860Z200US46118,ZCTA5 46118,4903,0,4903,0,Rural
860Z200US46120,ZCTA5 46120,5891,0,5891,0,Rural
860Z200US46121,ZCTA5 46121,5090,0,5090,0,Rural
860Z200US46122,ZCTA5 46122,16448,10706,5742,0,Urban
860Z200US46123,ZCTA5 46123,40788,39940,848,0,Urban
860Z200US46124,ZCTA5 46124,7891,5341,2550,0,Urban
860Z200US46125,ZCTA5 46125,32,0,32,0,Rural
860Z200US46126,ZCTA5 46126,4613,0,4613,0,Rural
860Z200US46127,ZCTA5 46127,304,0,304,0,Rural
860Z200US46128,ZCTA5 46128,2111,0,2111,0,Rural
860Z200US46130,ZCTA5 46130,2491,0,2491,0,Rural
860Z200US46131,ZCTA5 46131,32869,26649,6220,0,Urban
860Z200US46133,ZCTA5 46133,794,0,794,0,Rural
860Z200US46135,ZCTA5 46135,19869,10190,9679,0,Urban
860Z200US46140,ZCTA5 46140,41708,29441,12267,0,Urban
860Z200US46142,ZCTA5 46142,32052,32020,32,0,Urban
860Z200US46143,ZCTA5 46143,62618,59875,2743,0,Urban
860Z200US46144,ZCTA5 46144,207,0,207,0,Rural
860Z200US46146,ZCTA5 46146,144,0,144,0,Rural
860Z200US46147,ZCTA5 46147,2681,0,2681,0,Rural
860Z200US46148,ZCTA5 46148,4859,0,4859,0,Rural
860Z200US46149,ZCTA5 46149,1894,0,1894,0,Rural
860Z200US46150,ZCTA5 46150,750,0,750,0,Rural
860Z200US46151,ZCTA5 46151,32335,12666,19669,0,Rural
860Z200US46154,ZCTA5 46154,126,0,126,0,Rural
860Z200US46155,ZCTA5 46155,81,0,81,0,Rural
860Z200US46156,ZCTA5 46156,1497,0,1497,0,Rural
860Z200US46157,ZCTA5 46157,4074,0,4074,0,Rural
860Z200US46158,ZCTA5 46158,23895,14425,9470,0,Urban
860Z200US46160,ZCTA5 46160,6409,0,6409,0,Rural
860Z200US46161,ZCTA5 46161,2576,0,2576,0,Rural
860Z200US46162,ZCTA5 46162,516,0,516,0,Rural
860Z200US46163,ZCTA5 46163,13489,10802,2687,0,Urban
860Z200US46164,ZCTA5 46164,4324,0,4324,0,Rural
860Z200US46165,ZCTA5 46165,1562,0,1562,0,Rural
860Z200US46166,ZCTA5 46166,2374,0,2374,0,Rural
860Z200US46167,ZCTA5 46167,7018,4751,2267,0,Urban
860Z200US46168,ZCTA5 46168,37681,35853,1828,0,Urban
860Z200US46170,ZCTA5 46170,39,0,39,0,Rural
860Z200US46171,ZCTA5 46171,1779,0,1779,0,Rural
860Z200US46172,ZCTA5 46172,2372,0,2372,0,Rural
860Z200US46173,ZCTA5 46173,10591,6469,4122,0,Urban
860Z200US46175,ZCTA5 46175,549,0,549,0,Rural
860Z200US46176,ZCTA5 46176,28401,21208,7193,0,Urban
860Z200US46180,ZCTA5 46180,993,0,993,0,Rural
860Z200US46181,ZCTA5 46181,5280,0,5280,0,Rural
860Z200US46182,ZCTA5 46182,2005,0,2005,0,Rural
860Z200US46183,ZCTA5 46183,130,130,0,0,Urban
860Z200US46184,ZCTA5 46184,13023,11940,1083,0,Urban
860Z200US46186,ZCTA5 46186,1708,0,1708,0,Rural
860Z200US46201,ZCTA5 46201,31408,31408,0,0,Urban
860Z200US46202,ZCTA5 46202,22217,22217,0,0,Urban
860Z200US46203,ZCTA5 46203,38224,38224,0,0,Urban
860Z200US46204,ZCTA5 46204,9086,9086,0,0,Urban
860Z200US46205,ZCTA5 46205,27531,27531,0,0,Urban
860Z200US46206,ZCTA5 46206,6,6,0,0,Urban
860Z200US46208,ZCTA5 46208,23996,23996,0,0,Urban
860Z200US46214,ZCTA5 46214,26314,26314,0,0,Urban
860Z200US46216,ZCTA5 46216,2343,2343,0,0,Urban
860Z200US46217,ZCTA5 46217,34725,34289,436,0,Urban
860Z200US46218,ZCTA5 46218,30400,30400,0,0,Urban
860Z200US46219,ZCTA5 46219,36556,36556,0,0,Urban
860Z200US46220,ZCTA5 46220,36078,36078,0,0,Urban
860Z200US46221,ZCTA5 46221,27991,27082,909,0,Urban
860Z200US46222,ZCTA5 46222,37185,37185,0,0,Urban
860Z200US46224,ZCTA5 46224,38822,38822,0,0,Urban
860Z200US46225,ZCTA5 46225,6503,6503,0,0,Urban
860Z200US46226,ZCTA5 46226,43997,43997,0,0,Urban
860Z200US46227,ZCTA5 46227,62126,62126,0,0,Urban
860Z200US46228,ZCTA5 46228,15824,15824,0,0,Urban
860Z200US46229,ZCTA5 46229,29252,29239,13,0,Urban
860Z200US46231,ZCTA5 46231,10889,10867,22,0,Urban
860Z200US46234,ZCTA5 46234,27841,27835,6,0,Urban
860Z200US46235,ZCTA5 46235,34569,34569,0,0,Urban
860Z200US46236,ZCTA5 46236,27627,27627,0,0,Urban
860Z200US46237,ZCTA5 46237,44378,44378,0,0,Urban
860Z200US46239,ZCTA5 46239,33290,31528,1762,0,Urban
860Z200US46240,ZCTA5 46240,20148,20148,0,0,Urban
860Z200US46241,ZCTA5 46241,33568,33568,0,0,Urban
860Z200US46250,ZCTA5 46250,19156,19156,0,0,Urban
860Z200US46254,ZCTA5 46254,40162,40157,5,0,Urban
860Z200US46256,ZCTA5 46256,22598,22598,0,0,Urban
860Z200US46259,ZCTA5 46259,13703,9372,4331,0,Urban
860Z200US46260,ZCTA5 46260,34188,34188,0,0,Urban
860Z200US46268,ZCTA5 46268,26353,26353,0,0,Urban
860Z200US46278,ZCTA5 46278,8910,7531,1379,0,Urban
860Z200US46280,ZCTA5 46280,7870,7870,0,0,Urban
860Z200US46290,ZCTA5 46290,191,191,0,0,Urban
860Z200US46301,ZCTA5 46301,580,573,7,0,Urban
860Z200US46302,ZCTA5 46302,141,0,141,0,Rural
860Z200US46303,ZCTA5 46303,17028,14103,2925,0,Urban
860Z200US46304,ZCTA5 46304,26835,23188,3647,0,Urban
860Z200US46307,ZCTA5 46307,69248,61356,7892,0,Urban
860Z200US46310,ZCTA5 46310,14126,0,14126,0,Rural
860Z200US46311,ZCTA5 46311,22431,22199,232,0,Urban
860Z200US46312,ZCTA5 46312,26370,26370,0,0,Urban
860Z200US46319,ZCTA5 46319,18108,18108,0,0,Urban
860Z200US46320,ZCTA5 46320,14514,14514,0,0,Urban
860Z200US46321,ZCTA5 46321,23894,23894,0,0,Urban
860Z200US46322,ZCTA5 46322,23984,23984,0,0,Urban
860Z200US46323,ZCTA5 46323,22510,22510,0,0,Urban
860Z200US46324,ZCTA5 46324,22611,22611,0,0,Urban
860Z200US46327,ZCTA5 46327,11078,11078,0,0,Urban
860Z200US46340,ZCTA5 46340,1085,0,1085,0,Rural
860Z200US46341,ZCTA5 46341,10518,0,10518,0,Rural
860Z200US46342,ZCTA5 46342,32540,30284,2256,0,Urban
860Z200US46345,ZCTA5 46345,97,0,97,0,Rural
860Z200US46346,ZCTA5 46346,1317,0,1317,0,Rural
860Z200US46347,ZCTA5 46347,4800,0,4800,0,Rural
860Z200US46348,ZCTA5 46348,1127,0,1127,0,Rural
860Z200US46349,ZCTA5 46349,3219,0,3219,0,Rural
860Z200US46350,ZCTA5 46350,44522,27784,16738,0,Urban
860Z200US46356,ZCTA5 46356,18668,10747,7921,0,Urban
860Z200US46360,ZCTA5 46360,44209,38932,5277,0,Urban
860Z200US46365,ZCTA5 46365,1037,0,1037,0,Rural
860Z200US46366,ZCTA5 46366,5826,0,5826,0,Rural
860Z200US46368,ZCTA5 46368,39837,39506,331,0,Urban
860Z200US46371,ZCTA5 46371,3680,0,3680,0,Rural
860Z200US46373,ZCTA5 46373,17839,17839,0,0,Urban
860Z200US46374,ZCTA5 46374,1006,0,1006,0,Rural
860Z200US46375,ZCTA5 46375,24051,24051,0,0,Urban
860Z200US46376,ZCTA5 46376,367,0,367,0,Rural
860Z200US46377,ZCTA5 46377,194,0,194,0,Rural
860Z200US46379,ZCTA5 46379,295,0,295,0,Rural
860Z200US46381,ZCTA5 46381,287,0,287,0,Rural
860Z200US46382,ZCTA5 46382,2094,0,2094,0,Rural
860Z200US46383,ZCTA5 46383,41981,32911,9070,0,Urban
860Z200US46385,ZCTA5 46385,41832,32545,9287,0,Urban
860Z200US46390,ZCTA5 46390,2824,0,2824,0,Rural
860Z200US46391,ZCTA5 46391,9077,5182,3895,0,Urban
860Z200US46392,ZCTA5 46392,7855,0,7855,0,Rural
860Z200US46393,ZCTA5 46393,376,0,376,0,Rural
860Z200US46394,ZCTA5 46394,11725,11725,0,0,Urban
860Z200US46402,ZCTA5 46402,5502,5502,0,0,Urban
860Z200US46403,ZCTA5 46403,11649,11568,81,0,Urban
860Z200US46404,ZCTA5 46404,15658,15658,0,0,Urban
860Z200US46405,ZCTA5 46405,11860,11860,0,0,Urban
860Z200US46406,ZCTA5 46406,8776,8776,0,0,Urban
860Z200US46407,ZCTA5 46407,9862,9862,0,0,Urban
860Z200US46408,ZCTA5 46408,15109,15109,0,0,Urban
860Z200US46409,ZCTA5 46409,6975,6975,0,0,Urban
860Z200US46410,ZCTA5 46410,39471,38504,967,0,Urban
860Z200US46501,ZCTA5 46501,3891,0,3891,0,Rural
860Z200US46502,ZCTA5 46502,34,0,34,0,Rural
860Z200US46504,ZCTA5 46504,3241,0,3241,0,Rural
860Z200US46506,ZCTA5 46506,10083,0,10083,0,Rural
860Z200US46507,ZCTA5 46507,9371,4835,4536,0,Urban
860Z200US46508,ZCTA5 46508,137,0,137,0,Rural
860Z200US46510,ZCTA5 46510,3393,0,3393,0,Rural
860Z200US46511,ZCTA5 46511,4008,0,4008,0,Rural
860Z200US46513,ZCTA5 46513,64,0,64,0,Rural
860Z200US46514,ZCTA5 46514,42048,39887,2161,0,Urban
860Z200US46516,ZCTA5 46516,33670,33646,24,0,Urban
860Z200US46517,ZCTA5 46517,24006,22158,1848,0,Urban
860Z200US46524,ZCTA5 46524,2376,0,2376,0,Rural
860Z200US46526,ZCTA5 46526,33170,27911,5259,0,Urban
860Z200US46528,ZCTA5 46528,27223,18155,9068,0,Urban
860Z200US46530,ZCTA5 46530,31805,31096,709,0,Urban
860Z200US46531,ZCTA5 46531,1387,0,1387,0,Rural
860Z200US46532,ZCTA5 46532,1751,0,1751,0,Rural
860Z200US46534,ZCTA5 46534,11247,0,11247,0,Rural
860Z200US46536,ZCTA5 46536,3257,0,3257,0,Rural
860Z200US46537,ZCTA5 46537,502,0,502,0,Rural
860Z200US46538,ZCTA5 46538,4047,1321,2726,0,Rural
860Z200US46539,ZCTA5 46539,2245,0,2245,0,Rural
860Z200US46540,ZCTA5 46540,12552,0,12552,0,Rural
860Z200US46542,ZCTA5 46542,4526,292,4234,0,Rural
860Z200US46543,ZCTA5 46543,4273,0,4273,0,Rural
860Z200US46544,ZCTA5 46544,31571,29886,1685,0,Urban
860Z200US46545,ZCTA5 46545,26312,25560,752,0,Urban
860Z200US46550,ZCTA5 46550,12679,7250,5429,0,Urban
860Z200US46552,ZCTA5 46552,6478,0,6478,0,Rural
860Z200US46553,ZCTA5 46553,3849,1587,2262,0,Rural
860Z200US46554,ZCTA5 46554,4379,0,4379,0,Rural
860Z200US46555,ZCTA5 46555,2729,0,2729,0,Rural
860Z200US46556,ZCTA5 46556,8845,8845,0,0,Urban
860Z200US46561,ZCTA5 46561,14155,13035,1120,0,Urban
860Z200US46562,ZCTA5 46562,4718,540,4178,0,Rural
860Z200US46563,ZCTA5 46563,22977,12279,10698,0,Urban
860Z200US46565,ZCTA5 46565,9104,0,9104,0,Rural
860Z200US46567,ZCTA5 46567,9773,6049,3724,0,Urban
860Z200US46570,ZCTA5 46570,1090,0,1090,0,Rural
860Z200US46571,ZCTA5 46571,6203,0,6203,0,Rural
860Z200US46572,ZCTA5 46572,112,0,112,0,Rural
860Z200US46573,ZCTA5 46573,3835,0,3835,0,Rural
860Z200US46574,ZCTA5 46574,8377,0,8377,0,Rural
860Z200US46580,ZCTA5 46580,22381,16316,6065,0,Urban
860Z200US46582,ZCTA5 46582,14151,10387,3764,0,Urban
860Z200US46590,ZCTA5 46590,5053,5053,0,0,Urban
860Z200US46595,ZCTA5 46595,94,0,94,0,Rural
860Z200US46601,ZCTA5 46601,5947,5947,0,0,Urban
860Z200US46613,ZCTA5 46613,11427,11427,0,0,Urban
860Z200US46614,ZCTA5 46614,29917,26125,3792,0,Urban
860Z200US46615,ZCTA5 46615,14777,14777,0,0,Urban
860Z200US46616,ZCTA5 46616,6167,6167,0,0,Urban
860Z200US46617,ZCTA5 46617,9813,9813,0,0,Urban
860Z200US46619,ZCTA5 46619,20527,19187,1340,0,Urban
860Z200US46624,ZCTA5 46624,38,38,0,0,Urban
860Z200US46628,ZCTA5 46628,27011,25245,1766,0,Urban
860Z200US46635,ZCTA5 46635,6420,6420,0,0,Urban
860Z200US46637,ZCTA5 46637,15887,15887,0,0,Urban
860Z200US46701,ZCTA5 46701,7687,0,7687,0,Rural
860Z200US46702,ZCTA5 46702,2172,0,2172,0,Rural
860Z200US46703,ZCTA5 46703,18837,11948,6889,0,Urban
860Z200US46704,ZCTA5 46704,119,0,119,0,Rural
860Z200US46705,ZCTA5 46705,1716,0,1716,0,Rural
860Z200US46706,ZCTA5 46706,19995,13594,6401,0,Urban
860Z200US46710,ZCTA5 46710,4649,0,4649,0,Rural
860Z200US46711,ZCTA5 46711,8022,0,8022,0,Rural
860Z200US46714,ZCTA5 46714,15411,10346,5065,0,Urban
860Z200US46721,ZCTA5 46721,4907,0,4907,0,Rural
860Z200US46723,ZCTA5 46723,7383,0,7383,0,Rural
860Z200US46725,ZCTA5 46725,23917,10256,13661,0,Rural
860Z200US46730,ZCTA5 46730,1316,0,1316,0,Rural
860Z200US46731,ZCTA5 46731,578,0,578,0,Rural
860Z200US46732,ZCTA5 46732,2949,1052,1897,0,Rural
860Z200US46733,ZCTA5 46733,18669,10441,8228,0,Urban
860Z200US46737,ZCTA5 46737,6898,645,6253,0,Rural
860Z200US46738,ZCTA5 46738,8183,6752,1431,0,Urban
860Z200US46740,ZCTA5 46740,4608,0,4608,0,Rural
860Z200US46741,ZCTA5 46741,4657,0,4657,0,Rural
860Z200US46742,ZCTA5 46742,3259,0,3259,0,Rural
860Z200US46743,ZCTA5 46743,2309,0,2309,0,Rural
860Z200US46745,ZCTA5 46745,1792,0,1792,0,Rural
860Z200US46746,ZCTA5 46746,4003,0,4003,0,Rural
860Z200US46747,ZCTA5 46747,2743,0,2743,0,Rural
860Z200US46748,ZCTA5 46748,7203,5286,1917,0,Urban
860Z200US46750,ZCTA5 46750,26580,17555,9025,0,Urban
860Z200US46755,ZCTA5 46755,15721,10587,5134,0,Urban
860Z200US46759,ZCTA5 46759,508,0,508,0,Rural
860Z200US46760,ZCTA5 46760,1264,0,1264,0,Rural
860Z200US46761,ZCTA5 46761,12902,0,12902,0,Rural
860Z200US46763,ZCTA5 46763,1702,0,1702,0,Rural
860Z200US46764,ZCTA5 46764,1379,0,1379,0,Rural
860Z200US46765,ZCTA5 46765,5580,0,5580,0,Rural
860Z200US46766,ZCTA5 46766,545,0,545,0,Rural
860Z200US46767,ZCTA5 46767,8599,0,8599,0,Rural
860Z200US46770,ZCTA5 46770,2734,0,2734,0,Rural
860Z200US46771,ZCTA5 46771,54,0,54,0,Rural
860Z200US46772,ZCTA5 46772,3929,0,3929,0,Rural
860Z200US46773,ZCTA5 46773,3685,0,3685,0,Rural
860Z200US46774,ZCTA5 46774,17341,13705,3636,0,Urban
860Z200US46776,ZCTA5 46776,1528,0,1528,0,Rural
860Z200US46777,ZCTA5 46777,6348,0,6348,0,Rural
860Z200US46778,ZCTA5 46778,196,0,196,0,Rural
860Z200US46779,ZCTA5 46779,2006,93,1913,0,Rural
860Z200US46781,ZCTA5 46781,789,0,789,0,Rural
860Z200US46783,ZCTA5 46783,7521,0,7521,0,Rural
860Z200US46784,ZCTA5 46784,2211,0,2211,0,Rural
860Z200US46785,ZCTA5 46785,1650,0,1650,0,Rural
860Z200US46786,ZCTA5 46786,82,0,82,0,Rural
860Z200US46787,ZCTA5 46787,3902,0,3902,0,Rural
860Z200US46788,ZCTA5 46788,3396,0,3396,0,Rural
860Z200US46789,ZCTA5 46789,80,0,80,0,Rural
860Z200US46791,ZCTA5 46791,922,0,922,0,Rural
860Z200US46792,ZCTA5 46792,3673,0,3673,0,Rural
860Z200US46793,ZCTA5 46793,4043,0,4043,0,Rural
860Z200US46794,ZCTA5 46794,1406,0,1406,0,Rural
860Z200US46795,ZCTA5 46795,6190,0,6190,0,Rural
860Z200US46796,ZCTA5 46796,57,0,57,0,Rural
860Z200US46797,ZCTA5 46797,4008,0,4008,0,Rural
860Z200US46798,ZCTA5 46798,1290,366,924,0,Rural
860Z200US46799,ZCTA5 46799,448,0,448,0,Rural
860Z200US46802,ZCTA5 46802,10664,10664,0,0,Urban
860Z200US46803,ZCTA5 46803,9686,9686,0,0,Urban
860Z200US46804,ZCTA5 46804,28800,28800,0,0,Urban
860Z200US46805,ZCTA5 46805,21138,21138,0,0,Urban
860Z200US46806,ZCTA5 46806,26083,25821,262,0,Urban
860Z200US46807,ZCTA5 46807,16489,16489,0,0,Urban
860Z200US46808,ZCTA5 46808,19894,19854,40,0,Urban
860Z200US46809,ZCTA5 46809,8946,8030,916,0,Urban
860Z200US46814,ZCTA5 46814,16377,16012,365,0,Urban
860Z200US46815,ZCTA5 46815,27927,27710,217,0,Urban
860Z200US46816,ZCTA5 46816,19012,16035,2977,0,Urban
860Z200US46818,ZCTA5 46818,22071,17558,4513,0,Urban
860Z200US46819,ZCTA5 46819,8969,7249,1720,0,Urban
860Z200US46825,ZCTA5 46825,29062,29062,0,0,Urban
860Z200US46835,ZCTA5 46835,36653,35200,1453,0,Urban
860Z200US46845,ZCTA5 46845,28380,27269,1111,0,Urban
860Z200US46901,ZCTA5 46901,38072,29486,8586,0,Urban
860Z200US46902,ZCTA5 46902,36038,32881,3157,0,Urban
860Z200US46910,ZCTA5 46910,3283,0,3283,0,Rural
860Z200US46911,ZCTA5 46911,1396,0,1396,0,Rural
860Z200US46913,ZCTA5 46913,1400,0,1400,0,Rural
860Z200US46914,ZCTA5 46914,4785,3847,938,0,Urban
860Z200US46915,ZCTA5 46915,617,0,617,0,Rural
860Z200US46917,ZCTA5 46917,1734,0,1734,0,Rural
860Z200US46919,ZCTA5 46919,2202,0,2202,0,Rural
860Z200US46920,ZCTA5 46920,1131,0,1131,0,Rural
860Z200US46922,ZCTA5 46922,32,0,32,0,Rural
860Z200US46923,ZCTA5 46923,8162,0,8162,0,Rural
860Z200US46926,ZCTA5 46926,1639,0,1639,0,Rural
860Z200US46928,ZCTA5 46928,4557,0,4557,0,Rural
860Z200US46929,ZCTA5 46929,3210,0,3210,0,Rural
860Z200US46930,ZCTA5 46930,268,0,268,0,Rural
860Z200US46931,ZCTA5 46931,286,0,286,0,Rural
860Z200US46932,ZCTA5 46932,3254,0,3254,0,Rural
860Z200US46933,ZCTA5 46933,6617,6118,499,0,Urban
860Z200US46936,ZCTA5 46936,5800,0,5800,0,Rural
860Z200US46937,ZCTA5 46937,114,0,114,0,Rural
860Z200US46938,ZCTA5 46938,2824,1662,1162,0,Urban
860Z200US46939,ZCTA5 46939,1917,0,1917,0,Rural
860Z200US46940,ZCTA5 46940,2538,0,2538,0,Rural
860Z200US46941,ZCTA5 46941,1123,0,1123,0,Rural
860Z200US46943,ZCTA5 46943,250,0,250,0,Rural
860Z200US46945,ZCTA5 46945,15,0,15,0,Rural
860Z200US46946,ZCTA5 46946,132,0,132,0,Rural
860Z200US46947,ZCTA5 46947,28295,20374,7921,0,Urban
860Z200US46950,ZCTA5 46950,615,0,615,0,Rural
860Z200US46951,ZCTA5 46951,2118,0,2118,0,Rural
860Z200US46952,ZCTA5 46952,18996,13851,5145,0,Urban
860Z200US46953,ZCTA5 46953,22781,18378,4403,0,Urban
860Z200US46957,ZCTA5 46957,483,0,483,0,Rural
860Z200US46958,ZCTA5 46958,542,0,542,0,Rural
860Z200US46959,ZCTA5 46959,148,0,148,0,Rural
860Z200US46960,ZCTA5 46960,1102,0,1102,0,Rural
860Z200US46961,ZCTA5 46961,97,0,97,0,Rural
860Z200US46962,ZCTA5 46962,8592,5188,3404,0,Urban
860Z200US46965,ZCTA5 46965,111,0,111,0,Rural
860Z200US46967,ZCTA5 46967,73,0,73,0,Rural
860Z200US46968,ZCTA5 46968,132,0,132,0,Rural
860Z200US46970,ZCTA5 46970,23317,15467,7850,0,Urban
860Z200US46971,ZCTA5 46971,0,0,0,0,Rural
860Z200US46974,ZCTA5 46974,1620,0,1620,0,Rural
860Z200US46975,ZCTA5 46975,14288,7333,6955,0,Urban
860Z200US46978,ZCTA5 46978,2018,0,2018,0,Rural
860Z200US46979,ZCTA5 46979,4893,88,4805,0,Rural
860Z200US46980,ZCTA5 46980,53,0,53,0,Rural
860Z200US46982,ZCTA5 46982,2602,0,2602,0,Rural
860Z200US46984,ZCTA5 46984,61,0,61,0,Rural
860Z200US46985,ZCTA5 46985,1285,0,1285,0,Rural
860Z200US46986,ZCTA5 46986,1769,0,1769,0,Rural
860Z200US46987,ZCTA5 46987,1010,952,58,0,Urban
860Z200US46988,ZCTA5 46988,721,0,721,0,Rural
860Z200US46989,ZCTA5 46989,5028,0,5028,0,Rural
860Z200US46990,ZCTA5 46990,805,0,805,0,Rural
860Z200US46991,ZCTA5 46991,1706,0,1706,0,Rural
860Z200US46992,ZCTA5 46992,16183,10254,5929,0,Urban
860Z200US46994,ZCTA5 46994,2626,0,2626,0,Rural
860Z200US46996,ZCTA5 46996,6830,0,6830,0,Rural
860Z200US46998,ZCTA5 46998,129,0,129,0,Rural
860Z200US47001,ZCTA5 47001,10208,3545,6663,0,Rural
860Z200US47003,ZCTA5 47003,958,0,958,0,Rural
860Z200US47006,ZCTA5 47006,12761,7568,5193,0,Urban
860Z200US47010,ZCTA5 47010,304,0,304,0,Rural
860Z200US47011,ZCTA5 47011,1003,0,1003,0,Rural
860Z200US47012,ZCTA5 47012,9994,0,9994,0,Rural
860Z200US47016,ZCTA5 47016,742,0,742,0,Rural
860Z200US47017,ZCTA5 47017,657,0,657,0,Rural
860Z200US47018,ZCTA5 47018,4273,0,4273,0,Rural
860Z200US47020,ZCTA5 47020,1004,0,1004,0,Rural
860Z200US47021,ZCTA5 47021,12,0,12,0,Rural
860Z200US47022,ZCTA5 47022,3192,0,3192,0,Rural
860Z200US47023,ZCTA5 47023,1711,0,1711,0,Rural
860Z200US47024,ZCTA5 47024,2880,0,2880,0,Rural
860Z200US47025,ZCTA5 47025,23118,16215,6903,0,Urban
860Z200US47030,ZCTA5 47030,1504,0,1504,0,Rural
860Z200US47031,ZCTA5 47031,5200,0,5200,0,Rural
860Z200US47032,ZCTA5 47032,3477,0,3477,0,Rural
860Z200US47033,ZCTA5 47033,6,6,0,0,Urban
860Z200US47034,ZCTA5 47034,172,0,172,0,Rural
860Z200US47035,ZCTA5 47035,272,0,272,0,Rural
860Z200US47036,ZCTA5 47036,1002,367,635,0,Rural
860Z200US47037,ZCTA5 47037,4167,0,4167,0,Rural
860Z200US47038,ZCTA5 47038,1168,0,1168,0,Rural
860Z200US47040,ZCTA5 47040,5288,0,5288,0,Rural
860Z200US47041,ZCTA5 47041,5891,0,5891,0,Rural
860Z200US47042,ZCTA5 47042,4375,0,4375,0,Rural
860Z200US47043,ZCTA5 47043,5102,0,5102,0,Rural
860Z200US47060,ZCTA5 47060,7109,405,6704,0,Rural
860Z200US47102,ZCTA5 47102,6884,0,6884,0,Rural
860Z200US47104,ZCTA5 47104,93,0,93,0,Rural
860Z200US47106,ZCTA5 47106,4771,0,4771,0,Rural
860Z200US47108,ZCTA5 47108,2218,0,2218,0,Rural
860Z200US47110,ZCTA5 47110,469,0,469,0,Rural
860Z200US47111,ZCTA5 47111,16972,11175,5797,0,Urban
860Z200US47112,ZCTA5 47112,17404,5696,11708,0,Rural
860Z200US47114,ZCTA5 47114,422,0,422,0,Rural
860Z200US47115,ZCTA5 47115,2579,0,2579,0,Rural
860Z200US47116,ZCTA5 47116,698,0,698,0,Rural
860Z200US47117,ZCTA5 47117,4304,0,4304,0,Rural
860Z200US47118,ZCTA5 47118,3253,0,3253,0,Rural
860Z200US47119,ZCTA5 47119,12173,4056,8117,0,Rural
860Z200US47120,ZCTA5 47120,938,0,938,0,Rural
860Z200US47122,ZCTA5 47122,11185,0,11185,0,Rural
860Z200US47123,ZCTA5 47123,131,0,131,0,Rural
860Z200US47124,ZCTA5 47124,4981,0,4981,0,Rural
860Z200US47125,ZCTA5 47125,1714,0,1714,0,Rural
860Z200US47126,ZCTA5 47126,4555,0,4555,0,Rural
860Z200US47129,ZCTA5 47129,19739,19739,0,0,Urban
860Z200US47130,ZCTA5 47130,48481,48377,104,0,Urban
860Z200US47135,ZCTA5 47135,1271,0,1271,0,Rural
860Z200US47136,ZCTA5 47136,4699,0,4699,0,Rural
860Z200US47137,ZCTA5 47137,1300,0,1300,0,Rural
860Z200US47138,ZCTA5 47138,4398,0,4398,0,Rural
860Z200US47140,ZCTA5 47140,2811,0,2811,0,Rural
860Z200US47141,ZCTA5 47141,1563,0,1563,0,Rural
860Z200US47142,ZCTA5 47142,861,0,861,0,Rural
860Z200US47143,ZCTA5 47143,3800,593,3207,0,Rural
860Z200US47145,ZCTA5 47145,1908,0,1908,0,Rural
860Z200US47147,ZCTA5 47147,1022,0,1022,0,Rural
860Z200US47150,ZCTA5 47150,49395,47434,1961,0,Urban
860Z200US47160,ZCTA5 47160,138,0,138,0,Rural
860Z200US47161,ZCTA5 47161,3764,0,3764,0,Rural
860Z200US47162,ZCTA5 47162,906,0,906,0,Rural
860Z200US47163,ZCTA5 47163,1551,0,1551,0,Rural
860Z200US47164,ZCTA5 47164,3609,0,3609,0,Rural
860Z200US47165,ZCTA5 47165,6208,0,6208,0,Rural
860Z200US47166,ZCTA5 47166,1276,0,1276,0,Rural
860Z200US47167,ZCTA5 47167,15683,6617,9066,0,Rural
860Z200US47170,ZCTA5 47170,14877,7578,7299,0,Urban
860Z200US47172,ZCTA5 47172,19821,16967,2854,0,Urban
860Z200US47174,ZCTA5 47174,124,0,124,0,Rural
860Z200US47175,ZCTA5 47175,870,0,870,0,Rural
860Z200US47177,ZCTA5 47177,1462,0,1462,0,Rural
860Z200US47201,ZCTA5 47201,45969,32627,13342,0,Urban
860Z200US47203,ZCTA5 47203,27006,22236,4770,0,Urban
860Z200US47220,ZCTA5 47220,5737,0,5737,0,Rural
860Z200US47223,ZCTA5 47223,1437,0,1437,0,Rural
860Z200US47224,ZCTA5 47224,606,0,606,0,Rural
860Z200US47225,ZCTA5 47225,65,0,65,0,Rural
860Z200US47226,ZCTA5 47226,205,0,205,0,Rural
860Z200US47227,ZCTA5 47227,1545,0,1545,0,Rural
860Z200US47229,ZCTA5 47229,3186,0,3186,0,Rural
860Z200US47230,ZCTA5 47230,2057,0,2057,0,Rural
860Z200US47231,ZCTA5 47231,1091,0,1091,0,Rural
860Z200US47232,ZCTA5 47232,2460,0,2460,0,Rural
860Z200US47234,ZCTA5 47234,1428,0,1428,0,Rural
860Z200US47235,ZCTA5 47235,1780,0,1780,0,Rural
860Z200US47236,ZCTA5 47236,131,0,131,0,Rural
860Z200US47240,ZCTA5 47240,21940,12529,9411,0,Urban
860Z200US47243,ZCTA5 47243,6037,3981,2056,0,Urban
860Z200US47244,ZCTA5 47244,688,0,688,0,Rural
860Z200US47246,ZCTA5 47246,4343,0,4343,0,Rural
860Z200US47247,ZCTA5 47247,178,0,178,0,Rural
860Z200US47250,ZCTA5 47250,22596,13466,9130,0,Urban
860Z200US47260,ZCTA5 47260,1733,0,1733,0,Rural
860Z200US47263,ZCTA5 47263,174,0,174,0,Rural
860Z200US47264,ZCTA5 47264,1302,0,1302,0,Rural
860Z200US47265,ZCTA5 47265,20074,6700,13374,0,Rural
860Z200US47270,ZCTA5 47270,758,0,758,0,Rural
860Z200US47272,ZCTA5 47272,1852,0,1852,0,Rural
860Z200US47273,ZCTA5 47273,1917,0,1917,0,Rural
860Z200US47274,ZCTA5 47274,33035,24247,8788,0,Urban
860Z200US47280,ZCTA5 47280,867,778,89,0,Urban
860Z200US47281,ZCTA5 47281,1543,0,1543,0,Rural
860Z200US47282,ZCTA5 47282,236,236,0,0,Urban
860Z200US47283,ZCTA5 47283,3526,0,3526,0,Rural
860Z200US47302,ZCTA5 47302,25704,21384,4320,0,Urban
860Z200US47303,ZCTA5 47303,24069,20005,4064,0,Urban
860Z200US47304,ZCTA5 47304,30366,28489,1877,0,Urban
860Z200US47305,ZCTA5 47305,3629,3629,0,0,Urban
860Z200US47306,ZCTA5 47306,4628,4628,0,0,Urban
860Z200US47320,ZCTA5 47320,3978,0,3978,0,Rural
860Z200US47324,ZCTA5 47324,150,0,150,0,Rural
860Z200US47325,ZCTA5 47325,571,0,571,0,Rural
860Z200US47326,ZCTA5 47326,2321,0,2321,0,Rural
860Z200US47327,ZCTA5 47327,4345,0,4345,0,Rural
860Z200US47330,ZCTA5 47330,5523,2675,2848,0,Rural
860Z200US47331,ZCTA5 47331,22782,14401,8381,0,Urban
860Z200US47334,ZCTA5 47334,3171,1619,1552,0,Urban
860Z200US47335,ZCTA5 47335,610,0,610,0,Rural
860Z200US47336,ZCTA5 47336,3455,0,3455,0,Rural
860Z200US47337,ZCTA5 47337,182,0,182,0,Rural
860Z200US47338,ZCTA5 47338,2680,0,2680,0,Rural
860Z200US47339,ZCTA5 47339,641,0,641,0,Rural
860Z200US47340,ZCTA5 47340,2744,0,2744,0,Rural
860Z200US47341,ZCTA5 47341,2191,0,2191,0,Rural
860Z200US47342,ZCTA5 47342,2533,0,2533,0,Rural
860Z200US47344,ZCTA5 47344,123,0,123,0,Rural
860Z200US47345,ZCTA5 47345,1378,0,1378,0,Rural
860Z200US47346,ZCTA5 47346,3865,0,3865,0,Rural
860Z200US47348,ZCTA5 47348,9507,6135,3372,0,Urban
860Z200US47351,ZCTA5 47351,429,0,429,0,Rural
860Z200US47352,ZCTA5 47352,902,0,902,0,Rural
860Z200US47353,ZCTA5 47353,5576,0,5576,0,Rural
860Z200US47354,ZCTA5 47354,1072,0,1072,0,Rural
860Z200US47355,ZCTA5 47355,2546,0,2546,0,Rural
860Z200US47356,ZCTA5 47356,5831,0,5831,0,Rural
860Z200US47357,ZCTA5 47357,1107,0,1107,0,Rural
860Z200US47358,ZCTA5 47358,919,0,919,0,Rural
860Z200US47359,ZCTA5 47359,2744,0,2744,0,Rural
860Z200US47360,ZCTA5 47360,1451,0,1451,0,Rural
860Z200US47361,ZCTA5 47361,134,0,134,0,Rural
860Z200US47362,ZCTA5 47362,30184,18555,11629,0,Urban
860Z200US47366,ZCTA5 47366,57,0,57,0,Rural
860Z200US47367,ZCTA5 47367,98,0,98,0,Rural
860Z200US47368,ZCTA5 47368,2637,0,2637,0,Rural
860Z200US47369,ZCTA5 47369,1216,0,1216,0,Rural
860Z200US47370,ZCTA5 47370,158,0,158,0,Rural
860Z200US47371,ZCTA5 47371,12143,6364,5779,0,Urban
860Z200US47373,ZCTA5 47373,2015,0,2015,0,Rural
860Z200US47374,ZCTA5 47374,45304,38788,6516,0,Urban
860Z200US47380,ZCTA5 47380,1917,0,1917,0,Rural
860Z200US47381,ZCTA5 47381,139,0,139,0,Rural
860Z200US47382,ZCTA5 47382,136,0,136,0,Rural
860Z200US47383,ZCTA5 47383,2724,848,1876,0,Rural
860Z200US47384,ZCTA5 47384,1936,0,1936,0,Rural
860Z200US47385,ZCTA5 47385,1581,0,1581,0,Rural
860Z200US47386,ZCTA5 47386,1085,0,1085,0,Rural
860Z200US47387,ZCTA5 47387,726,0,726,0,Rural
860Z200US47388,ZCTA5 47388,292,0,292,0,Rural
860Z200US47390,ZCTA5 47390,5061,3395,1666,0,Urban
860Z200US47392,ZCTA5 47392,100,0,100,0,Rural
860Z200US47393,ZCTA5 47393,1745,0,1745,0,Rural
860Z200US47394,ZCTA5 47394,8064,4797,3267,0,Urban
860Z200US47396,ZCTA5 47396,7446,5493,1953,0,Urban
860Z200US47401,ZCTA5 47401,41225,33524,7701,0,Urban
860Z200US47403,ZCTA5 47403,33066,25770,7296,0,Urban
860Z200US47404,ZCTA5 47404,23799,19928,3871,0,Urban
860Z200US47405,ZCTA5 47405,305,305,0,0,Urban
860Z200US47406,ZCTA5 47406,7924,7924,0,0,Urban
860Z200US47408,ZCTA5 47408,22917,17313,5604,0,Urban
860Z200US47420,ZCTA5 47420,176,0,176,0,Rural
860Z200US47421,ZCTA5 47421,27798,13265,14533,0,Rural
860Z200US47424,ZCTA5 47424,8893,0,8893,0,Rural
860Z200US47427,ZCTA5 47427,1082,0,1082,0,Rural
860Z200US47429,ZCTA5 47429,7485,5305,2180,0,Urban
860Z200US47431,ZCTA5 47431,1316,0,1316,0,Rural
860Z200US47432,ZCTA5 47432,4429,0,4429,0,Rural
860Z200US47433,ZCTA5 47433,3974,0,3974,0,Rural
860Z200US47434,ZCTA5 47434,19,0,19,0,Rural
860Z200US47435,ZCTA5 47435,7,0,7,0,Rural
860Z200US47436,ZCTA5 47436,1440,0,1440,0,Rural
860Z200US47437,ZCTA5 47437,91,0,91,0,Rural
860Z200US47438,ZCTA5 47438,4032,0,4032,0,Rural
860Z200US47441,ZCTA5 47441,8972,5298,3674,0,Urban
860Z200US47443,ZCTA5 47443,1134,0,1134,0,Rural
860Z200US47445,ZCTA5 47445,90,0,90,0,Rural
860Z200US47446,ZCTA5 47446,9425,0,9425,0,Rural
860Z200US47448,ZCTA5 47448,7816,0,7816,0,Rural
860Z200US47449,ZCTA5 47449,482,0,482,0,Rural
860Z200US47451,ZCTA5 47451,1177,1167,10,0,Urban
860Z200US47452,ZCTA5 47452,5285,0,5285,0,Rural
860Z200US47453,ZCTA5 47453,366,0,366,0,Rural
860Z200US47454,ZCTA5 47454,7684,0,7684,0,Rural
860Z200US47455,ZCTA5 47455,55,0,55,0,Rural
860Z200US47456,ZCTA5 47456,1302,0,1302,0,Rural
860Z200US47457,ZCTA5 47457,25,0,25,0,Rural
860Z200US47458,ZCTA5 47458,34,34,0,0,Urban
860Z200US47459,ZCTA5 47459,3346,0,3346,0,Rural
860Z200US47460,ZCTA5 47460,11560,0,11560,0,Rural
860Z200US47462,ZCTA5 47462,4850,0,4850,0,Rural
860Z200US47464,ZCTA5 47464,198,0,198,0,Rural
860Z200US47465,ZCTA5 47465,666,0,666,0,Rural
860Z200US47467,ZCTA5 47467,34,0,34,0,Rural
860Z200US47468,ZCTA5 47468,1180,0,1180,0,Rural
860Z200US47469,ZCTA5 47469,1782,0,1782,0,Rural
860Z200US47470,ZCTA5 47470,1516,0,1516,0,Rural
860Z200US47471,ZCTA5 47471,2567,0,2567,0,Rural
860Z200US47501,ZCTA5 47501,18003,12920,5083,0,Urban
860Z200US47512,ZCTA5 47512,4002,0,4002,0,Rural
860Z200US47513,ZCTA5 47513,2057,0,2057,0,Rural
860Z200US47514,ZCTA5 47514,1647,0,1647,0,Rural
860Z200US47515,ZCTA5 47515,819,0,819,0,Rural
860Z200US47516,ZCTA5 47516,1246,0,1246,0,Rural
860Z200US47519,ZCTA5 47519,556,0,556,0,Rural
860Z200US47520,ZCTA5 47520,3230,1449,1781,0,Rural
860Z200US47521,ZCTA5 47521,972,0,972,0,Rural
860Z200US47522,ZCTA5 47522,250,0,250,0,Rural
860Z200US47523,ZCTA5 47523,3433,0,3433,0,Rural
860Z200US47524,ZCTA5 47524,494,0,494,0,Rural
860Z200US47525,ZCTA5 47525,337,0,337,0,Rural
860Z200US47527,ZCTA5 47527,1918,0,1918,0,Rural
860Z200US47528,ZCTA5 47528,519,0,519,0,Rural
860Z200US47529,ZCTA5 47529,1004,0,1004,0,Rural
860Z200US47531,ZCTA5 47531,906,0,906,0,Rural
860Z200US47532,ZCTA5 47532,4507,0,4507,0,Rural
860Z200US47535,ZCTA5 47535,582,0,582,0,Rural
860Z200US47537,ZCTA5 47537,782,0,782,0,Rural
860Z200US47541,ZCTA5 47541,1228,0,1228,0,Rural
860Z200US47542,ZCTA5 47542,9992,6117,3875,0,Urban
860Z200US47546,ZCTA5 47546,22445,16749,5696,0,Urban
860Z200US47550,ZCTA5 47550,797,0,797,0,Rural
860Z200US47551,ZCTA5 47551,592,0,592,0,Rural
860Z200US47552,ZCTA5 47552,174,0,174,0,Rural
860Z200US47553,ZCTA5 47553,8625,0,8625,0,Rural
860Z200US47557,ZCTA5 47557,1329,0,1329,0,Rural
860Z200US47558,ZCTA5 47558,5021,0,5021,0,Rural
860Z200US47561,ZCTA5 47561,1514,0,1514,0,Rural
860Z200US47562,ZCTA5 47562,4994,0,4994,0,Rural
860Z200US47564,ZCTA5 47564,1375,0,1375,0,Rural
860Z200US47567,ZCTA5 47567,5804,0,5804,0,Rural
860Z200US47568,ZCTA5 47568,848,0,848,0,Rural
860Z200US47573,ZCTA5 47573,31,0,31,0,Rural
860Z200US47574,ZCTA5 47574,148,0,148,0,Rural
860Z200US47575,ZCTA5 47575,1015,0,1015,0,Rural
860Z200US47576,ZCTA5 47576,378,0,378,0,Rural
860Z200US47577,ZCTA5 47577,1222,0,1222,0,Rural
860Z200US47578,ZCTA5 47578,649,0,649,0,Rural
860Z200US47579,ZCTA5 47579,2715,0,2715,0,Rural
860Z200US47580,ZCTA5 47580,252,0,252,0,Rural
860Z200US47581,ZCTA5 47581,3534,0,3534,0,Rural
860Z200US47584,ZCTA5 47584,154,0,154,0,Rural
860Z200US47585,ZCTA5 47585,429,0,429,0,Rural
860Z200US47586,ZCTA5 47586,11027,7312,3715,0,Urban
860Z200US47588,ZCTA5 47588,591,0,591,0,Rural
860Z200US47590,ZCTA5 47590,779,0,779,0,Rural
860Z200US47591,ZCTA5 47591,24984,19800,5184,0,Urban
860Z200US47596,ZCTA5 47596,191,0,191,0,Rural
860Z200US47597,ZCTA5 47597,961,0,961,0,Rural
860Z200US47598,ZCTA5 47598,3107,0,3107,0,Rural
860Z200US47601,ZCTA5 47601,14088,6671,7417,0,Rural
860Z200US47610,ZCTA5 47610,5442,4211,1231,0,Urban
860Z200US47611,ZCTA5 47611,1157,0,1157,0,Rural
860Z200US47612,ZCTA5 47612,868,0,868,0,Rural
860Z200US47613,ZCTA5 47613,2694,0,2694,0,Rural
860Z200US47615,ZCTA5 47615,1477,0,1477,0,Rural
860Z200US47616,ZCTA5 47616,305,0,305,0,Rural
860Z200US47619,ZCTA5 47619,1535,0,1535,0,Rural
860Z200US47620,ZCTA5 47620,12989,6715,6274,0,Urban
860Z200US47630,ZCTA5 47630,38309,35929,2380,0,Urban
860Z200US47631,ZCTA5 47631,1908,0,1908,0,Rural
860Z200US47633,ZCTA5 47633,2455,0,2455,0,Rural
860Z200US47634,ZCTA5 47634,2193,0,2193,0,Rural
860Z200US47635,ZCTA5 47635,5178,0,5178,0,Rural
860Z200US47637,ZCTA5 47637,1396,0,1396,0,Rural
860Z200US47638,ZCTA5 47638,3620,0,3620,0,Rural
860Z200US47639,ZCTA5 47639,4549,0,4549,0,Rural
860Z200US47640,ZCTA5 47640,950,0,950,0,Rural
860Z200US47648,ZCTA5 47648,4510,0,4510,0,Rural
860Z200US47649,ZCTA5 47649,1374,0,1374,0,Rural
860Z200US47654,ZCTA5 47654,41,0,41,0,Rural
860Z200US47660,ZCTA5 47660,4762,0,4762,0,Rural
860Z200US47665,ZCTA5 47665,3798,0,3798,0,Rural
860Z200US47666,ZCTA5 47666,1332,0,1332,0,Rural
860Z200US47670,ZCTA5 47670,11934,8343,3591,0,Urban
860Z200US47683,ZCTA5 47683,83,0,83,0,Rural
860Z200US47708,ZCTA5 47708,501,501,0,0,Urban
860Z200US47710,ZCTA5 47710,18470,18044,426,0,Urban
860Z200US47711,ZCTA5 47711,31266,31186,80,0,Urban
860Z200US47712,ZCTA5 47712,24895,21128,3767,0,Urban
860Z200US47713,ZCTA5 47713,9916,9916,0,0,Urban
860Z200US47714,ZCTA5 47714,32827,32827,0,0,Urban
860Z200US47715,ZCTA5 47715,28959,28443,516,0,Urban
860Z200US47720,ZCTA5 47720,17188,8882,8306,0,Urban
860Z200US47725,ZCTA5 47725,19220,15624,3596,0,Urban
860Z200US47802,ZCTA5 47802,34229,25319,8910,0,Urban
860Z200US47803,ZCTA5 47803,21832,19829,2003,0,Urban
860Z200US47804,ZCTA5 47804,10093,10042,51,0,Urban
860Z200US47805,ZCTA5 47805,12875,7512,5363,0,Urban
860Z200US47807,ZCTA5 47807,12063,12063,0,0,Urban
860Z200US47809,ZCTA5 47809,2360,2360,0,0,Urban
860Z200US47831,ZCTA5 47831,17,0,17,0,Rural
860Z200US47832,ZCTA5 47832,919,0,919,0,Rural
860Z200US47833,ZCTA5 47833,1043,0,1043,0,Rural
860Z200US47834,ZCTA5 47834,19430,9960,9470,0,Urban
860Z200US47836,ZCTA5 47836,36,0,36,0,Rural
860Z200US47837,ZCTA5 47837,1186,0,1186,0,Rural
860Z200US47838,ZCTA5 47838,3931,0,3931,0,Rural
860Z200US47840,ZCTA5 47840,1420,0,1420,0,Rural
860Z200US47841,ZCTA5 47841,2135,0,2135,0,Rural
860Z200US47842,ZCTA5 47842,9790,6383,3407,0,Urban
860Z200US47845,ZCTA5 47845,177,0,177,0,Rural
860Z200US47846,ZCTA5 47846,661,0,661,0,Rural
860Z200US47847,ZCTA5 47847,1014,0,1014,0,Rural
860Z200US47848,ZCTA5 47848,1523,0,1523,0,Rural
860Z200US47849,ZCTA5 47849,407,0,407,0,Rural
860Z200US47850,ZCTA5 47850,2389,0,2389,0,Rural
860Z200US47851,ZCTA5 47851,14,0,14,0,Rural
860Z200US47853,ZCTA5 47853,184,184,0,0,Urban
860Z200US47854,ZCTA5 47854,850,0,850,0,Rural
860Z200US47855,ZCTA5 47855,680,0,680,0,Rural
860Z200US47857,ZCTA5 47857,443,443,0,0,Urban
860Z200US47858,ZCTA5 47858,628,0,628,0,Rural
860Z200US47859,ZCTA5 47859,1096,0,1096,0,Rural
860Z200US47860,ZCTA5 47860,243,0,243,0,Rural
860Z200US47861,ZCTA5 47861,556,0,556,0,Rural
860Z200US47862,ZCTA5 47862,1548,0,1548,0,Rural
860Z200US47863,ZCTA5 47863,146,0,146,0,Rural
860Z200US47865,ZCTA5 47865,25,0,25,0,Rural
860Z200US47866,ZCTA5 47866,443,0,443,0,Rural
860Z200US47868,ZCTA5 47868,2776,0,2776,0,Rural
860Z200US47869,ZCTA5 47869,116,0,116,0,Rural
860Z200US47870,ZCTA5 47870,6,0,6,0,Rural
860Z200US47871,ZCTA5 47871,235,0,235,0,Rural
860Z200US47872,ZCTA5 47872,8075,0,8075,0,Rural
860Z200US47874,ZCTA5 47874,3161,101,3060,0,Rural
860Z200US47875,ZCTA5 47875,6,0,6,0,Rural
860Z200US47876,ZCTA5 47876,348,0,348,0,Rural
860Z200US47879,ZCTA5 47879,2908,0,2908,0,Rural
860Z200US47880,ZCTA5 47880,61,0,61,0,Rural
860Z200US47881,ZCTA5 47881,332,0,332,0,Rural
860Z200US47882,ZCTA5 47882,8487,4874,3613,0,Urban
860Z200US47884,ZCTA5 47884,214,0,214,0,Rural
860Z200US47885,ZCTA5 47885,9231,2737,6494,0,Rural
860Z200US47901,ZCTA5 47901,3750,3750,0,0,Urban
860Z200US47904,ZCTA5 47904,16571,16500,71,0,Urban
860Z200US47905,ZCTA5 47905,41787,33420,8367,0,Urban
860Z200US47906,ZCTA5 47906,73579,64486,9093,0,Urban
860Z200US47907,ZCTA5 47907,17,17,0,0,Urban
860Z200US47909,ZCTA5 47909,42759,37630,5129,0,Urban
860Z200US47916,ZCTA5 47916,66,0,66,0,Rural
860Z200US47917,ZCTA5 47917,436,0,436,0,Rural
860Z200US47918,ZCTA5 47918,5802,0,5802,0,Rural
860Z200US47920,ZCTA5 47920,2665,0,2665,0,Rural
860Z200US47921,ZCTA5 47921,1115,0,1115,0,Rural
860Z200US47922,ZCTA5 47922,1482,0,1482,0,Rural
860Z200US47923,ZCTA5 47923,3597,0,3597,0,Rural
860Z200US47924,ZCTA5 47924,187,0,187,0,Rural
860Z200US47925,ZCTA5 47925,94,0,94,0,Rural
860Z200US47926,ZCTA5 47926,1132,0,1132,0,Rural
860Z200US47928,ZCTA5 47928,1723,0,1723,0,Rural
860Z200US47929,ZCTA5 47929,805,0,805,0,Rural
860Z200US47930,ZCTA5 47930,1053,0,1053,0,Rural
860Z200US47932,ZCTA5 47932,5271,0,5271,0,Rural
860Z200US47933,ZCTA5 47933,28092,17863,10229,0,Urban
860Z200US47940,ZCTA5 47940,1438,0,1438,0,Rural
860Z200US47941,ZCTA5 47941,1309,1297,12,0,Urban
860Z200US47942,ZCTA5 47942,668,0,668,0,Rural
860Z200US47943,ZCTA5 47943,914,0,914,0,Rural
860Z200US47944,ZCTA5 47944,3561,0,3561,0,Rural
860Z200US47946,ZCTA5 47946,1892,0,1892,0,Rural
860Z200US47948,ZCTA5 47948,1279,0,1279,0,Rural
860Z200US47949,ZCTA5 47949,1245,0,1245,0,Rural
860Z200US47950,ZCTA5 47950,878,0,878,0,Rural
860Z200US47951,ZCTA5 47951,2061,0,2061,0,Rural
860Z200US47952,ZCTA5 47952,2628,0,2628,0,Rural
860Z200US47954,ZCTA5 47954,2267,0,2267,0,Rural
860Z200US47955,ZCTA5 47955,993,0,993,0,Rural
860Z200US47957,ZCTA5 47957,1759,0,1759,0,Rural
860Z200US47958,ZCTA5 47958,172,0,172,0,Rural
860Z200US47959,ZCTA5 47959,2843,147,2696,0,Rural
860Z200US47960,ZCTA5 47960,15029,10488,4541,0,Urban
860Z200US47963,ZCTA5 47963,1937,0,1937,0,Rural
860Z200US47964,ZCTA5 47964,114,0,114,0,Rural
860Z200US47965,ZCTA5 47965,539,0,539,0,Rural
860Z200US47966,ZCTA5 47966,418,0,418,0,Rural
860Z200US47967,ZCTA5 47967,746,0,746,0,Rural
860Z200US47968,ZCTA5 47968,967,0,967,0,Rural
860Z200US47969,ZCTA5 47969,217,0,217,0,Rural
860Z200US47970,ZCTA5 47970,1955,0,1955,0,Rural
860Z200US47971,ZCTA5 47971,1819,0,1819,0,Rural
860Z200US47974,ZCTA5 47974,1106,0,1106,0,Rural
860Z200US47975,ZCTA5 47975,682,0,682,0,Rural
860Z200US47977,ZCTA5 47977,2235,0,2235,0,Rural
860Z200US47978,ZCTA5 47978,10815,5509,5306,0,Urban
860Z200US47980,ZCTA5 47980,1103,0,1103,0,Rural
860Z200US47981,ZCTA5 47981,911,0,911,0,Rural
860Z200US47982,ZCTA5 47982,120,0,120,0,Rural
860Z200US47983,ZCTA5 47983,274,0,274,0,Rural
860Z200US47986,ZCTA5 47986,54,0,54,0,Rural
860Z200US47987,ZCTA5 47987,3802,0,3802,0,Rural
860Z200US47989,ZCTA5 47989,1277,0,1277,0,Rural
860Z200US47990,ZCTA5 47990,1629,0,1629,0,Rural
860Z200US47991,ZCTA5 47991,1051,0,1051,0,Rural
860Z200US47992,ZCTA5 47992,1425,0,1425,0,Rural
860Z200US47993,ZCTA5 47993,3983,0,3983,0,Rural
860Z200US47994,ZCTA5 47994,507,0,507,0,Rural
860Z200US47995,ZCTA5 47995,1651,0,1651,0,Rural
860Z200US47997,ZCTA5 47997,116,0,116,0,Rural
